{"resnet18": 34.834800720214844, "resnet50": 85.1144790649414, "resnet101": 163.32186889648438, "resnext50_32x4d": 145.84120178222656, "wide_resnet50_2": 92.60979080200195, "mobilenet": 73.57875061035156, "EfficientNetB0": 145.80039978027344, "EfficientNetB2": 206.30831909179688, "EfficientNetB4": 285.6052551269531, "EfficientNetB6": 401.8712158203125}