{"resnet18": 0.0020684800221351905, "resnet50": 0.00180160001385957, "resnet101": 0.0018374399747699498, "resnext50_32x4d": 0.0018534399784402922, "wide_resnet50_2": 0.002240960003109649, "mobilenet": 0.0018476799855125137, "EfficientNetB0": 0.0018697600183077156, "EfficientNetB2": 0.0018191999755799771, "EfficientNetB4": 0.00171840000199154, "EfficientNetB6": 0.0018531199998687953}