{"times": {"resnet18": 34.99456024169922, "resnet50": 85.11724853515625, "resnet101": 163.28728485107422, "resnext50_32x4d": 144.98486328125, "wide_resnet50_2": 92.5034408569336, "mobilenet": 72.51631927490234, "EfficientNetB0": 145.943359375, "EfficientNetB2": 203.5654067993164, "EfficientNetB4": 285.6476745605469, "EfficientNetB6": 399.2679443359375}, "stdev": {"resnet18": 360.6657673227189, "resnet50": 1.6356052797068588, "resnet101": 1.8116957244945862, "resnext50_32x4d": 1.4676294354698654, "wide_resnet50_2": 3.2637333180059094, "mobilenet": 1.1050194740562334, "EfficientNetB0": 2.6494946171159053, "EfficientNetB2": 3.514717831535704, "EfficientNetB4": 4.996510695327016, "EfficientNetB6": 6.595286839787305}}