{"resnet18": 56.33869802474975, "resnet50": 45.6038171005249, "resnet101": 86.1377025604248, "resnext50_32x4d": 106.75850044250488, "wide_resnet50_2": 74.10958793640137, "mobilenet": 40.85517177581787, "EfficientNetB0": 87.00003837585449, "EfficientNetB2": 122.6516683959961, "EfficientNetB4": 172.45404571533203, "EfficientNetB6": 245.98349853515626}