{"resnet18": 19.07113552093506, "resnet50": 44.51348876953125, "resnet101": 85.34148788452148, "resnext50_32x4d": 105.20612716674805, "wide_resnet50_2": 73.9317626953125, "mobilenet": 39.94192123413086, "EfficientNetB0": 87.63315200805664, "EfficientNetB2": 124.35209655761719, "EfficientNetB4": 173.69196319580078, "EfficientNetB6": 241.7506866455078}