{"resnet18": 4.820975370407105, "resnet50": 8.652913875579834, "resnet101": 12.004064273834228, "resnext50_32x4d": 10.397462120056153, "wide_resnet50_2": 9.496774129867553, "mobilenet": 5.793520650863647, "EfficientNetB0": 12.030790395736695, "EfficientNetB2": 15.674701452255249, "EfficientNetB4": 21.778454360961913, "EfficientNetB6": 30.782156505584716}